{
  "$schema": "https://biomejs.dev/schemas/1.9.4/schema.json",
  "vcs": {
    "enabled": false,
    "clientKind": "git",
    "useIgnoreFile": true
  },
  "files": {
    "ignoreUnknown": false,
    "ignore": ["tsconfig.*.json", "src/gen/**", "packages/*/dist/**"]
  },
  "formatter": {
    "indentStyle": "space"
  },
  "linter": {
    "rules": {
      "recommended": true,
      "style": {
        "useTemplate": "off",
        "useConst": "off",
        "noParameterAssign": "off",
        "useSingleVarDeclarator": "off",
        "useNumberNamespace": "off",
        "noUnusedTemplateLiteral": "off"
      },
      "correctness": {
        "noSwitchDeclarations": "off"
      },
      "suspicious": {
        "noDoubleEquals": "off",
        "noFallthroughSwitchClause": "off"
      }
    }
  }
}
